CREATE DATABASE  IF NOT EXISTS `yaowarat pawn shop` /*!40100 DEFAULT CHARACTER SET utf8mb4 COLLATE utf8mb4_unicode_ci */ /*!80016 DEFAULT ENCRYPTION='N' */;
USE `yaowarat pawn shop`;
-- MySQL dump 10.13  Distrib 8.0.34, for Win64 (x86_64)
--
-- Host: localhost    Database: yaowarat pawn shop
-- ------------------------------------------------------
-- Server version	8.0.35

/*!40101 SET @OLD_CHARACTER_SET_CLIENT=@@CHARACTER_SET_CLIENT */;
/*!40101 SET @OLD_CHARACTER_SET_RESULTS=@@CHARACTER_SET_RESULTS */;
/*!40101 SET @OLD_COLLATION_CONNECTION=@@COLLATION_CONNECTION */;
/*!50503 SET NAMES utf8 */;
/*!40103 SET @OLD_TIME_ZONE=@@TIME_ZONE */;
/*!40103 SET TIME_ZONE='+00:00' */;
/*!40014 SET @OLD_UNIQUE_CHECKS=@@UNIQUE_CHECKS, UNIQUE_CHECKS=0 */;
/*!40014 SET @OLD_FOREIGN_KEY_CHECKS=@@FOREIGN_KEY_CHECKS, FOREIGN_KEY_CHECKS=0 */;
/*!40101 SET @OLD_SQL_MODE=@@SQL_MODE, SQL_MODE='NO_AUTO_VALUE_ON_ZERO' */;
/*!40111 SET @OLD_SQL_NOTES=@@SQL_NOTES, SQL_NOTES=0 */;

--
-- Table structure for table `activities`
--

DROP TABLE IF EXISTS `activities`;
/*!40101 SET @saved_cs_client     = @@character_set_client */;
/*!50503 SET character_set_client = utf8mb4 */;
CREATE TABLE `activities` (
  `ordinal` int NOT NULL AUTO_INCREMENT,
  `_timestamp` datetime NOT NULL DEFAULT CURRENT_TIMESTAMP,
  `userName` varchar(50) COLLATE utf8mb4_unicode_ci NOT NULL,
  `_descr` text COLLATE utf8mb4_unicode_ci NOT NULL,
  PRIMARY KEY (`ordinal`),
  KEY `userName` (`userName`),
  CONSTRAINT `activities_ibfk_1` FOREIGN KEY (`userName`) REFERENCES `authorities` (`userName`)
) ENGINE=InnoDB AUTO_INCREMENT=34 DEFAULT CHARSET=utf8mb4 COLLATE=utf8mb4_unicode_ci;
/*!40101 SET character_set_client = @saved_cs_client */;

--
-- Dumping data for table `activities`
--

LOCK TABLES `activities` WRITE;
/*!40000 ALTER TABLE `activities` DISABLE KEYS */;
INSERT INTO `activities` VALUES (1,'2025-12-23 21:08:20','Sunny','Add ticket no: 00026'),(2,'2025-12-23 21:22:26','Sunny','เพิ่มตั๋วใหม่เลขที่: 00027'),(3,'2025-12-23 21:24:35','Sunny','ต่อดอกตั๋วเลขที่: 00026'),(4,'2025-12-23 21:26:02','Sunny','เพิ่มเงิน 2000 บาทให้ตั๋วเลขที่: 00027'),(5,'2025-12-23 21:26:22','Sunny','ยกเลิกตั๋วเลขที่: 00028'),(6,'2025-12-23 21:26:46','Sunny','ลดเงินต้น 2000 บาทให้ตั๋วเลขที่ : 00029'),(7,'2025-12-23 21:39:47','Sunny','เพิ่มสินทรัพย์ลำดับที่: 1 ในตั๋วเลขที่: 00030'),(8,'2025-12-23 21:39:57','Sunny','เพิ่มสินทรัพย์ลำดับที่: 2 ในตั๋วเลขที่: 00030'),(9,'2025-12-24 00:14:59','Sunny','เพิ่มตั๋วใหม่เลขที่: 00031'),(10,'2025-12-24 00:15:02','Sunny','ยกเลิกตั๋วเลขที่: 00031'),(11,'2025-12-24 12:41:21','Sunny','ยกเลิกตั๋วเลขที่: 00030'),(12,'2025-12-24 14:54:18','Sunny','เพิ่มตั๋วใหม่เลขที่: 00032'),(13,'2025-12-24 20:16:18','Sunny','เพิ่มตั๋วใหม่เลขที่: 00033'),(14,'2025-12-24 20:46:25','Sunny','ยกเลิกตั๋วเลขที่: 00032'),(15,'2025-12-24 20:47:35','Sunny','ต่อดอกตั๋วเลขที่: 00033'),(16,'2025-12-24 20:47:52','Sunny','ต่อดอกตั๋วเลขที่: 00034'),(17,'2025-12-24 20:48:49','Sunny','ต่อดอกตั๋วเลขที่: 00035'),(18,'2025-12-24 20:49:05','Sunny','เพิ่มเงิน 2000 บาทให้ตั๋วเลขที่: 00036'),(19,'2025-12-29 09:17:50','Sunny','เพิ่มตั๋วใหม่เลขที่: 00038'),(20,'2025-12-29 14:34:30','Sunny','เพิ่มตั๋วใหม่เลขที่: 256812-00039'),(21,'2025-12-29 14:35:00','Sunny','เพิ่มสินทรัพย์ลำดับที่: 1 ในตั๋วเลขที่: 256812-00039'),(22,'2025-12-29 14:46:24','Sunny','เพิ่มสินทรัพย์ลำดับที่: 1 ในตั๋วเลขที่: 00037'),(23,'2025-12-29 14:46:32','Sunny','ต่อดอกตั๋วเลขที่: 00037'),(24,'2025-12-29 14:50:31','Sunny','เพิ่มตั๋วใหม่เลขที่: 256812-00041'),(25,'2025-12-29 14:50:49','Sunny','เพิ่มสินทรัพย์ลำดับที่: 1 ในตั๋วเลขที่: 256812-00041'),(26,'2025-12-29 14:51:04','Sunny','ต่อดอกตั๋วเลขที่: 256812-00041'),(27,'2025-12-29 14:51:58','Sunny','ต่อดอกตั๋วเลขที่: 256812-00041'),(28,'2025-12-29 14:53:41','Sunny','ต่อดอกตั๋วเลขที่: 256812-00042'),(29,'2025-12-29 15:09:13','Sunny','ต่อดอกตั๋วเลขที่: 256812-00043'),(30,'2025-12-29 15:09:29','Sunny','เพิ่มเงิน 2000 บาทให้ตั๋วเลขที่: 256812-00044'),(31,'2025-12-29 15:09:42','Sunny','ลดเงินต้น 2000 บาทให้ตั๋วเลขที่ : 256812-00045'),(32,'2025-12-29 15:09:55','Sunny','ทำสัญลักษณ์รายการตั๋วหายเลขที่: 256812-00046'),(33,'2025-12-29 15:10:16','Sunny','ไถ่คืนตั๋วเลขที่: 256812-00046');
/*!40000 ALTER TABLE `activities` ENABLE KEYS */;
UNLOCK TABLES;

--
-- Table structure for table `authorities`
--

DROP TABLE IF EXISTS `authorities`;
/*!40101 SET @saved_cs_client     = @@character_set_client */;
/*!50503 SET character_set_client = utf8mb4 */;
CREATE TABLE `authorities` (
  `nickname` varchar(50) COLLATE utf8mb4_unicode_ci NOT NULL,
  `userName` varchar(50) COLLATE utf8mb4_unicode_ci NOT NULL,
  `pwd` varchar(16) COLLATE utf8mb4_unicode_ci NOT NULL,
  PRIMARY KEY (`userName`)
) ENGINE=InnoDB DEFAULT CHARSET=utf8mb4 COLLATE=utf8mb4_unicode_ci;
/*!40101 SET character_set_client = @saved_cs_client */;

--
-- Dumping data for table `authorities`
--

LOCK TABLES `authorities` WRITE;
/*!40000 ALTER TABLE `authorities` DISABLE KEYS */;
INSERT INTO `authorities` VALUES ('กร','Sunny','Gones2545');
/*!40000 ALTER TABLE `authorities` ENABLE KEYS */;
UNLOCK TABLES;

--
-- Table structure for table `objects`
--

DROP TABLE IF EXISTS `objects`;
/*!40101 SET @saved_cs_client     = @@character_set_client */;
/*!50503 SET character_set_client = utf8mb4 */;
CREATE TABLE `objects` (
  `ticketNo` char(12) COLLATE utf8mb4_unicode_ci NOT NULL,
  `obj_id` int NOT NULL,
  `amount` int NOT NULL,
  `object` varchar(255) COLLATE utf8mb4_unicode_ci NOT NULL,
  `weight` decimal(5,2) DEFAULT NULL,
  `price` int DEFAULT NULL,
  KEY `_idx` (`ticketNo`)
) ENGINE=InnoDB DEFAULT CHARSET=utf8mb4 COLLATE=utf8mb4_unicode_ci;
/*!40101 SET character_set_client = @saved_cs_client */;

--
-- Dumping data for table `objects`
--

LOCK TABLES `objects` WRITE;
/*!40000 ALTER TABLE `objects` DISABLE KEYS */;
INSERT INTO `objects` VALUES ('00001',1,1,'สร้อยคอทองคำ',15.20,20000),('00002',1,1,'สร้อยคอทองคำ',7.60,10000),('00010',1,1,'คอมอง',15.20,10000),('00010',2,1,'มือทอง',15.20,10000),('00011',1,1,'คอมอง',15.20,10000),('00011',2,1,'มือทอง',15.20,10000),('00012',1,1,'คอทอง',15.20,10000),('00012',2,1,'มือทอง',7.60,10000),('00013',1,1,'คอทอง',15.20,10000),('00013',2,1,'มือทอง',7.60,10000),('00014',1,1,'คอทอง',15.20,10000),('00015',1,1,'OPPO A3X ไม่มีสายชาร์จ',0.00,900),('00030',1,1,'คอทอง',15.20,10000),('00030',2,1,'มือทอง',7.60,10000),('256812-00039',1,1,'คอทอง',15.20,20000),('00037',1,1,'คอทอง',1.90,3000),('00040',1,1,'คอทอง',1.90,3000),('256812-00041',1,1,'คอทอง',15.20,20000);
/*!40000 ALTER TABLE `objects` ENABLE KEYS */;
UNLOCK TABLES;

--
-- Table structure for table `ticket`
--

DROP TABLE IF EXISTS `ticket`;
/*!40101 SET @saved_cs_client     = @@character_set_client */;
/*!50503 SET character_set_client = utf8mb4 */;
CREATE TABLE `ticket` (
  `_No` char(12) COLLATE utf8mb4_unicode_ci NOT NULL,
  `issueDate` date NOT NULL,
  `firstName` varchar(200) COLLATE utf8mb4_unicode_ci DEFAULT NULL,
  `lastName` varchar(200) COLLATE utf8mb4_unicode_ci DEFAULT NULL,
  `phoneNumber` char(10) COLLATE utf8mb4_unicode_ci DEFAULT NULL,
  `totalPrice` int DEFAULT NULL,
  `rate` decimal(4,2) DEFAULT NULL,
  `redemptPrice` int DEFAULT NULL,
  `duration` int NOT NULL,
  `dueDate` date NOT NULL,
  `redemptDate` date DEFAULT NULL,
  `status` varchar(50) COLLATE utf8mb4_unicode_ci NOT NULL DEFAULT 'อยู่ระหว่างจำนำ',
  `old_ticket_No` char(12) COLLATE utf8mb4_unicode_ci DEFAULT '-',
  `new_ticket_No` char(12) COLLATE utf8mb4_unicode_ci DEFAULT '-',
  PRIMARY KEY (`_No`)
) ENGINE=InnoDB DEFAULT CHARSET=utf8mb4 COLLATE=utf8mb4_unicode_ci;
/*!40101 SET character_set_client = @saved_cs_client */;

--
-- Dumping data for table `ticket`
--

LOCK TABLES `ticket` WRITE;
/*!40000 ALTER TABLE `ticket` DISABLE KEYS */;
INSERT INTO `ticket` VALUES ('00001','2025-12-09','รวีโรจน์','พสิษฐ์จิรไพโรจน์','0648131412',2000,2.00,2000,6,'2026-06-09','2025-12-11','ไถ่คืนแล้ว',NULL,NULL),('00002','2025-12-09','ปัทมพร','พสิษฐ์จิรไพโรจน์','0648131412',5000,1.50,5000,6,'2026-06-09','2025-12-11','ไถ่คืนแล้ว',NULL,NULL),('00003','2025-12-09','พศิน','พสิษฐ์จิรไพโรจน์','0648131412',10000,1.25,10000,6,'2026-06-09','2025-12-11','ไถ่คืนแล้ว',NULL,NULL),('00004','2025-12-11','รวีโรจน์','พสิษฐ์จิรไพโรจน์','0648131412',2000,2.00,2000,6,'2026-06-11','2025-12-11','ไถ่คืนแล้ว',NULL,NULL),('00005','2025-12-11','ซันนี่','ริชแมน','0648131412',2000,2.00,2000,6,'2026-06-11','2025-12-11','ไถ่คืนแล้ว',NULL,NULL),('00006','2025-12-11','ซันนี่','ริชแมน','0648131412',2000,2.00,2000,6,'2026-06-11','2025-12-11','ไถ่คืนแล้ว',NULL,NULL),('00007','2025-12-11','fann','osdn','0648131412',2000,2.00,2000,6,'2026-06-11','2025-12-11','ไถ่คืนแล้ว',NULL,NULL),('00008','2025-12-12','u6588132','dfc','0648131412',2000,2.00,2000,6,'2026-06-12','2025-12-12','ไถ่คืนแล้ว',NULL,NULL),('00009','2025-12-12','u6588132','Gones','0648131412',2000,2.00,2040,6,'2026-06-12','2025-12-12','ไถ่คืนแล้ว',NULL,NULL),('00010','2025-12-19','รวีโรจน์','หลิน','0648131412',20000,1.25,20130,6,'2026-06-19','2025-12-19','ต่อดอกแล้ว','-','00011'),('00011','2025-12-19','รวีโรจน์','หลิน','0648131412',20000,1.25,20130,6,'2026-06-19','2025-12-23','ไถ่คืนแล้ว','00010','-'),('00012','2025-12-19','รวีโรจน์','หลิน','0648131412',20000,1.25,20130,6,'2026-06-19','2025-12-19','ต่อดอกแล้ว','-','00013'),('00013','2025-12-19','รวีโรจน์','หลิน','0648131412',20000,1.25,NULL,6,'2026-06-19',NULL,'ยกเลิกแล้ว','00012','-'),('00014','2025-12-19','รวีโรจน์','หลิน','0648131412',10000,1.25,10070,6,'2026-06-19','2025-12-23','ไถ่คืนแล้ว','-','-'),('00015','2025-12-19','รวีโรจน์','หลิน','0648131412',900,10.00,900,0,'2026-01-03','2025-12-23','ไถ่คืนแล้ว','-','-'),('00016','2025-12-23','รวีโรจน์','หลิน','0648131412',20000,1.25,20130,6,'2026-06-23','2025-12-23','ต่อดอกแล้ว','-','00017'),('00017','2025-12-23','รวีโรจน์','หลิน','0648131412',20000,1.25,20130,6,'2026-06-23','2025-12-23','ไถ่คืนแล้ว','00016','-'),('00018','2025-12-23','รวีโรจน์','หลิน','0648131412',20000,1.25,20130,6,'2026-06-23','2025-12-23','ต่อดอกแล้ว','-','00019'),('00019','2025-12-23','รวีโรจน์','หลิน','0648131412',20000,1.25,20130,6,'2026-06-23','2025-12-23','ไถ่คืนแล้ว','00018','-'),('00020','2025-12-23','รวีโรจน์','หลิน','0648131412',20000,1.25,20130,6,'2026-06-23','2025-12-23','เพิ่มเงินต้น 5000','-','00021'),('00021','2025-12-23','รวีโรจน์','หลิน','0648131412',25000,1.25,25160,6,'2026-06-23','2025-12-23','เพิ่มเงินต้น 2000','00020','00022'),('00022','2025-12-23','รวีโรจน์','หลิน','0648131412',27000,1.25,27170,6,'2026-06-23','2025-12-23','ลดเงินต้น 2000','00021','00023'),('00023','2025-12-23','รวีโรจน์','หลิน','0648131412',25000,1.25,25160,6,'2026-06-23','2025-12-23','ต่อดอกแล้ว','00022','00024'),('00024','2025-12-23','รวีโรจน์','หลิน','0648131412',25000,1.25,25160,6,'2026-06-23','2025-12-23','เพิ่มเงินต้น 2000','00023','00025'),('00025','2025-12-23','รวีโรจน์','หลิน','0648131412',27000,1.25,27170,6,'2026-06-23','2025-12-23','ไถ่คืนแล้ว','00024','-'),('00026','2025-12-23','รวีโรจน์','หลิน','0648131412',20000,1.25,20130,6,'2026-06-23','2025-12-23','ต่อดอกแล้ว','-','00028'),('00027','2025-12-23','รวีโรจน์','หลิน','0648131412',20000,1.25,20130,6,'2026-06-23','2025-12-23','เพิ่มเงินต้น 2000','-','00029'),('00028','2025-12-23','รวีโรจน์','หลิน','0648131412',20000,1.25,NULL,6,'2026-06-23',NULL,'ยกเลิกแล้ว','00026','-'),('00029','2025-12-23','รวีโรจน์','หลิน','0648131412',22000,1.25,22140,6,'2026-06-23','2025-12-23','ลดเงินต้น 2000','00027','00030'),('00030','2025-12-23','รวีโรจน์','หลิน','0648131412',20000,1.25,NULL,6,'2026-06-23',NULL,'ยกเลิกแล้ว','00029','-'),('00031','2025-12-24','รวีโรจน์','หลิน','-',2000,2.00,NULL,6,'2026-06-24',NULL,'ยกเลิกแล้ว','-','-'),('00032','2025-12-24','รวีโรจน์','-','-',20000,1.25,NULL,6,'2026-06-24',NULL,'ยกเลิกแล้ว','-','-'),('00033','2025-12-24','Sunny','-','-',1000,2.00,1020,6,'2026-06-24','2025-12-24','ต่อดอกแล้ว','-','00034'),('00034','2025-12-24','Sunny','-','-',1000,2.00,1020,6,'2026-06-24','2025-12-24','ต่อดอกแล้ว','00033','00035'),('00035','2025-12-24','Sunny','-','-',1000,2.00,1020,6,'2026-06-24','2025-12-24','ต่อดอกแล้ว','00034','00036'),('00036','2025-12-24','Sunny','-','-',1000,2.00,1020,6,'2026-06-24','2025-12-24','เพิ่มเงินต้น 2000','00035','00037'),('00037','2025-12-24','Sunny','-','-',3000,1.50,3050,6,'2026-06-24','2025-12-29','ต่อดอกแล้ว','00036','00040'),('00038','2025-12-29','Sunny','-','-',20000,1.25,NULL,6,'2026-06-29',NULL,'อยู่ระหว่างการจำนำ','-','-'),('00040','2025-12-29','Sunny','-','-',3000,1.50,NULL,6,'2026-06-29',NULL,'อยู่ระหว่างการจำนำ','00037','-'),('256812-00039','2025-12-29','Sunny','-','-',20000,1.25,NULL,6,'2026-06-29',NULL,'อยู่ระหว่างการจำนำ','-','-'),('256812-00041','2025-12-29','Sunny','-','-',20000,1.25,20130,6,'2026-06-29','2025-12-29','ต่อดอกแล้ว','-','256812-00042'),('256812-00042','2025-12-29','Sunny','-','-',20000,1.25,20130,6,'2026-06-29','2025-12-29','ต่อดอกแล้ว','256812-00041','256812-00043'),('256812-00043','2025-12-29','Sunny','-','-',20000,1.25,20130,6,'2026-06-29','2025-12-29','ต่อดอกแล้ว','256812-00042','256812-00044'),('256812-00044','2025-12-29','Sunny','-','-',20000,1.25,20130,6,'2026-06-29','2025-12-29','เพิ่มเงินต้น 2000','256812-00043','256812-00045'),('256812-00045','2025-12-29','Sunny','-','-',22000,1.25,22140,6,'2026-06-29','2025-12-29','ลดเงินต้น 2000','256812-00044','256812-00046'),('256812-00046','2025-12-29','Sunny','-','-',20000,1.25,20170,6,'2026-06-29','2025-12-29','ไถ่คืนแล้ว','256812-00045','-');
/*!40000 ALTER TABLE `ticket` ENABLE KEYS */;
UNLOCK TABLES;
/*!40103 SET TIME_ZONE=@OLD_TIME_ZONE */;

/*!40101 SET SQL_MODE=@OLD_SQL_MODE */;
/*!40014 SET FOREIGN_KEY_CHECKS=@OLD_FOREIGN_KEY_CHECKS */;
/*!40014 SET UNIQUE_CHECKS=@OLD_UNIQUE_CHECKS */;
/*!40101 SET CHARACTER_SET_CLIENT=@OLD_CHARACTER_SET_CLIENT */;
/*!40101 SET CHARACTER_SET_RESULTS=@OLD_CHARACTER_SET_RESULTS */;
/*!40101 SET COLLATION_CONNECTION=@OLD_COLLATION_CONNECTION */;
/*!40111 SET SQL_NOTES=@OLD_SQL_NOTES */;

-- Dump completed on 2025-12-29 15:20:58
